{
  "drivers": [
    {"id": 1, "name": "Max Verstappen", "team": "Red Bull Racing", "skill": 0.98},
    {"id": 11, "name": "Sergio Perez", "team": "Red Bull Racing", "skill": 0.88},
    {"id": 44, "name": "Lewis Hamilton", "team": "Mercedes", "skill": 0.96},
    {"id": 63, "name": "George Russell", "team": "Mercedes", "skill": 0.90},
    {"id": 16, "name": "Charles Leclerc", "team": "Ferrari", "skill": 0.94},
    {"id": 55, "name": "Carlos Sainz", "team": "Ferrari", "skill": 0.91},
    {"id": 4, "name": "Lando Norris", "team": "McLaren", "skill": 0.92},
    {"id": 81, "name": "Oscar Piastri", "team": "McLaren", "skill": 0.87},
    {"id": 14, "name": "Fernando Alonso", "team": "Aston Martin", "skill": 0.93},
    {"id": 18, "name": "Lance Stroll", "team": "Aston Martin", "skill": 0.82},
    {"id": 10, "name": "Pierre Gasly", "team": "Alpine", "skill": 0.86},
    {"id": 31, "name": "Esteban Ocon", "team": "Alpine", "skill": 0.84},
    {"id": 77, "name": "Valtteri Bottas", "team": "Alfa Romeo", "skill": 0.87},
    {"id": 24, "name": "Zhou Guanyu", "team": "Alfa Romeo", "skill": 0.78},
    {"id": 23, "name": "Alexander Albon", "team": "AlphaTauri", "skill": 0.85},
    {"id": 2, "name": "Daniel Ricciardo", "team": "AlphaTauri", "skill": 0.88},
    {"id": 27, "name": "Nico Hulkenberg", "team": "Haas", "skill": 0.84},
    {"id": 20, "name": "Kevin Magnussen", "team": "Haas", "skill": 0.81},
    {"id": 22, "name": "Yuki Tsunoda", "team": "Williams", "skill": 0.83},
    {"id": 21, "name": "Logan Sargeant", "team": "Williams", "skill": 0.76},
    {"id": 3, "name": "Liam Lawson", "team": "Racing Point", "skill": 0.79}
  ]
}
