{
  "simulation": {
    "track": "monaco",
    "simulation_speed": 100.0,
    "time_step": 0.1,
    "telemetry_interval": 1.0,
    "num_drivers": 21
  },
  "weather": {
    "condition": "dry",
    "temperature": 25,
    "track_temp": 35,
    "humidity": 45,
    "wind_speed": 10
  },
  "backend": {
    "url": "http://localhost:5000",
    "telemetry_endpoint": "/api/analyze/telemetry",
    "timeout": 2
  },
  "tracks": {
    "monaco": {
      "length": 3337,
      "laps": 78,
      "pit_stop_time": 22.0
    },
    "silverstone": {
      "length": 5891,
      "laps": 52,
      "pit_stop_time": 23.0
    }
  }
}
